3.0600846457689115,-4.880022102205842,-4.788133533468459,-0.8924379954028554,0.6811701263143664,1.9363159701163062,3.3667825182199054,-0.4261188072572918,-0.48460555000605066,0.056762132861511445,-3.0914199593825824,2.006555296073492,1.509035834660812,-0.7791469439676764,-0.07379001837886001,4.4089087831711335,-2.4050691728153413,-2.5195649984209245,1.011020062998448,4.174043168410783,-0.24658819509167373,3.1623046966662836,-1.3612905986020145,1.657498361886672,2.132170672016022,2.4136171240475974,-1.8201806410134826,-1.1116317668227444,-2.1332985671887426,-0.45437177211543034
0.6350392029938823,-6.234213623619214,-3.593198322788945,-1.7861566384100642,-2.0902132415738675,-0.32639748164916776,-0.35956620658497296,-4.506821028318895,5.203501621520575,-1.4532000582962885,-0.18838772845809026,0.6618909451515471,-1.1266914809011084,-2.298976747527064,2.272174076307195,-3.9931326067121646,0.7286838996373268,-1.8879284963020062,3.5712811592123765,2.3296027692004966,-2.7869936539765425,-2.826502653319601,-1.0005883423847208,1.307822618200614,-2.091118155977858,-2.4060166441290445,0.7937894328717665,0.05789702620484527,3.0110249747397395,0.8923557011922316
0.12779858452793813,-1.2735354712244538,0.7469198934170678,0.46467005000743944,-2.3408966767966395,0.0554262708890263,1.0383061798338122,-5.289203837072758,-2.0487628611211535,0.8019580026992211,-0.7926053823211323,-5.4101654407744,-0.7173761957416365,1.671808177445989,-0.04515640747777594,-0.953307286452046,0.8420161056756595,0.0639701072564125,0.1270244855337559,0.7879732733101578,-1.6270061489007457,-1.0498459276666021,1.0100150530118825,-1.1496804798386455,1.3826123714534195,-4.107514155812161,-0.6574938614856605,1.197415879198154,0.24054340628679882,-4.200368281529695
5.475924139767425,4.737407032515584,-0.7578740484057125,1.2863601795192703,2.6938558280389073,-0.21732967025920488,2.8188239986316,-0.36158773460145577,-2.970155835729968,-0.2719442448829461,1.9874056198623276,2.018040594303571,-0.36128562786781626,1.2304398522458366,2.492607205453254,-2.658516877591211,0.8819671282562261,-1.6817604076673849,-3.8272038277810894,1.0447316031639715,2.4763807135802622,2.613302616731751,-1.5870976983443064,-3.114884352172501,-0.163661629264805,6.700047609484449,2.101880554097083,-1.9678478739679055,0.2542188608452005,0.1436348816117191
1.4277786160230486,-3.603776422811266,-1.0602335494462132,-2.6943697421829906,-3.8787749123944413,-1.1108127760800777,2.7546490981110647,-3.334630384969622,4.2476921129443355,-1.2353501813437058,-1.4672830774544363,0.521453689157404,0.8570250923682623,1.9247616799179557,-3.9770572941257702,-1.0418199697907786,1.0298655349046832,-1.2173520516891352,0.3332558751643455,1.7315286027863839,0.10516412365381334,-0.056035091471661636,4.954912117779655,-1.428648127606663,-1.8182916672770584,-2.652691804571096,1.8042128219698443,-0.9727291676895813,4.009169917965689,-0.6011985639869679
2.69212328676492,-2.534151085463801,1.9039390993824905,3.7999473598177067,-3.241089407343682,1.1876666084330416,-1.4050891878904346,-5.133557303841073,-1.8652516733977982,-0.22510608847417837,4.415674481545446,4.548857901525772,0.4324552308057484,1.1749429115423227,-2.882020594113021,1.5029696538519608,0.7037186757369793,-1.900213363572048,-1.3613048787573243,1.222149707663619,1.2941038556738602,0.38185140555775354,-0.3957925876628393,1.154393789619676,2.30543840292186,1.7847724838714472,0.23270315739663294,-3.6249316391605904,-3.664949612776358,3.554561196508551
7.496243504192962,-6.171112317081709,-1.596321736118528,-1.9313902214149707,-3.791080793525885,0.754648981506695,1.1105350835973133,-0.14924105596568238,-0.9583619077921991,0.4698936979925182,-2.7299695120197343,-0.17200198705766878,-1.5078040639920411,-5.35958871829628,0.35804926008463644,5.563973672644261,1.9773385590499128,-0.4315520337898707,-0.12770668480660763,0.4860227632059807,-0.43959381981969625,0.2865576232735796,1.1399164581008208,-0.4621258563594909,-0.2738161542817006,2.509950903149205,3.9418602292819767,6.620613064242265,-3.8317688976196935,4.039060365646291
0.32401485600375723,0.3913477098099738,-2.2737537998697235,6.802004364807774,2.9183467353185137,-2.338084576285026,3.5128873537178795,-1.8138413044454273,-2.560005065570289,-2.110449276228372,2.472630927440848,4.437993637781523,-1.4984529799298913,-2.404586865230052,1.56820279875673,-1.503072176580258,-0.8485885074891262,-3.6891693741370184,-3.1015547827739938,0.07619569084634326,-2.3589261011927043,3.155578110479744,-0.8143180436068099,1.7417630257790409,-0.10211039890106988,0.5562378321661728,-3.5887356343518766,-1.1889812273204887,4.620479915462839,1.5927267318818337
-3.0919611587444216,-4.191817637241605,-1.9397015202387802,4.250599725656199,-0.7423476049911815,-1.6240061692102303,1.7238470128415875,-0.9949029417792036,1.8542838429778592,-0.4312421156942856,-0.054485186692459386,-1.4281371878826112,0.028417090958894695,-6.659672027253602,-1.0247105207861265,0.5488868391226123,-0.5500315230071549,-0.3940810487779183,-1.756088449440877,4.032059837307557,-1.6378921380501588,-2.8270529174756533,-3.116328341952372,2.8497461840618388,0.7894714829649332,1.9823296037283453,0.776640488341773,3.826068132161157,-4.689372009869508,1.888203657556077
-3.073480007913874,-1.8332599874583537,-4.104653833433833,2.831239908727795,-4.843503658754906,1.2936769648789421,6.568745584631493,5.633084133240628,-5.028208181951439,-1.2624379453718082,-2.422625588265549,-0.004177511227479225,-0.18852570169189756,7.664197572961703,-1.536785475317405,0.7213296115483641,0.3053677146692429,5.227728516139474,3.679620815395812,-5.70849497332924,-6.358360049569114,-0.7857403814379073,1.0753579123098476,2.4258014204044813,5.3867567354538295,-3.439214493239796,2.335812320782153,1.4392901921559704,3.0705195023381804,3.252364229029175
2.2358128855132504,-5.5156025825484996,-1.19986339923584,-2.9533858509133393,0.98223536188814,-0.8239152172434793,3.399811375180043,-3.2077281324768245,-1.7532041603801982,1.8032733223534816,-2.4075243568353706,-1.2373009085981166,0.9638639962782496,1.5468437082793058,-2.6949393205962657,-1.3068146787435972,-0.5456554396457435,-0.48330995162468826,0.3568987000885544,2.5002029387502818,3.353864227803193,0.5784793585598826,-1.6484266708585196,0.036874812290708325,1.2852364944298809,3.212763561549073,0.0585990168807663,-0.5146997322509301,-2.151340631122832,-3.268595040357495
-2.0990941242184302,-4.282035588179139,2.133083904542038,-0.15329453565627438,2.8304532975144148,-1.7475881363451884,3.77884970376496,4.344739012807753,0.0981883527272216,-2.1146748542177427,3.8603150151523655,-4.2316889370468775,-1.3450981724154683,-0.38785875207547593,1.2200145689268052,-3.9954716614941725,1.7180937668824827,4.5772383755297055,-0.038203166584800496,4.206593134131307,-1.63339263846556,-2.1407160275052592,-1.7665568892617358,-6.104793498223421,-0.9777908391922026,-8.98238948994802,9.334658661019798,3.057255057019843,3.1480302673489255,-3.4067457176752853
-1.3368611789592137,-1.383239906646528,-1.8677789828192022,-4.705566534643355,5.7423210695218545,0.6761348165363822,-0.8672670015530526,0.2093359471521734,1.5886983358173214,-0.4342328694679311,-4.1839367212638,3.905386700846642,0.9195437311055261,-2.521845236890527,7.4974388205524285,-6.012822411736585,-0.13371270437529464,7.347101607934086,-2.1240093853736477,-1.1474763048608638,3.8657953556481575,8.450191980387244,-6.176669387408804,2.23887292782218,-2.545692776255664,1.3076485581240105,1.2052429802593998,8.833938671310326,6.454426163712406,1.716536216556516
-0.30855146174822734,1.9727974387229907,3.6600494740903557,-2.8834347580782405,-2.623361471156996,-1.2121019305290792,0.4923991007790103,3.784346626995168,-0.3401473989094499,0.350177191742329,3.20102924053115,-1.2707309995570668,0.2349018588026929,0.30116099223567516,0.7403164510895746,-1.4444645432755046,0.04356068942872245,-6.526805554939286,1.195549336135142,-0.07296195812602146,-1.873370856162008,0.43045889121660386,1.0976422366790946,2.149089252214414,6.965890079560577,7.269323346371037,5.442324787932297,3.914999444254284,-1.7546662070186891,0.22755849522042093
1.6650164591493921,3.4714348249284264,5.112843598710012,3.4773591364398566,-4.884629285110066,-0.2666693750074729,-0.9887672645600865,-3.492419429798248,5.343752814072001,0.4556874421048971,6.809626825373579,2.8352620727205884,-1.0518817010707788,4.345298922499865,0.4726275194821895,0.5839579846178692,-0.9160481445040303,-0.7882904544302238,-2.855260383162825,5.519806309167835,3.1961641528495113,0.8750849521277628,2.164633721747212,-1.1643506251665836,0.8833307648494899,0.5932706870413431,0.8260583225606921,2.1807467656461927,-5.2320637302185,-0.9339817565340023
0.5136775662563249,2.2142179099195856,0.9206283440956735,-2.931768333135021,-2.7492382544445273,-2.2502462530656726,3.5276219907636257,1.258053505467462,-1.953705415918709,-0.8332450028410028,1.2470134582863088,-2.7035570376828177,1.731867439799511,-1.0477742774093217,0.4985924311110045,-0.2822452012707217,-1.1519885475038616,1.156456246627708,0.4579400849047115,-0.7840281253755786,1.8087793023891408,-1.9787798009730295,-0.35623513352250524,-0.5224724680321027,2.3330830205022983,-4.192222943697162,-0.5391166879000477,0.9856950095026666,1.5095537911549024,-0.13036030699372558
-1.6331181962530392,2.2580083253658043,-1.1337740523104427,-1.240109249296545,4.760511412685916,-0.48280718486566054,-1.7021724236962426,-2.3423536901089705,-3.7317752721951214,1.9006281853347577,-2.6013965478630574,1.607766259232756,-1.4319175169210603,1.0815283466637795,-2.730426746133212,1.1726923824063769,-0.98474105283405,-1.1103363122635468,-0.790164569641537,-2.483017747364012,-3.591721625321555,-2.408012494027108,-0.01927200102981197,-2.1856751676444013,1.5685706673168007,0.4973722579795441,0.23002907620397706,-3.3150833226212213,-0.009815611187571793,3.230787751357222
0.24700530258860232,-4.608752542014562,1.2794052112277914,-4.538158639497406,-4.296848857159489,0.6717626921063311,-0.5661769117734952,-4.1672976476796695,3.0696239812299138,-0.32118004018356133,-3.5880398384936516,-1.475406033675654,-0.9790478768562658,7.584680179430938,2.070826874253282,1.0756379221515244,-0.2257290211409537,-3.615066183921341,2.3264177564780977,0.277327143012593,2.025679768047884,-1.0339831311930887,4.6142770454641955,-2.2384585150647704,-2.4238735883027274,-1.322628496185048,-0.3184684274701166,1.967950670229563,5.738826714489026,2.721696504142394
0.7419898642451681,3.0257377937046863,-2.559105222296072,-3.756139863458834,-0.8541207720243205,-0.30156660756565634,-3.0494604648868036,-0.6976590813787695,-1.566693026476912,0.34927270374847386,4.900237354808063,2.4247618241790216,-0.7301795448867813,0.29737428114639686,-1.391761443760092,3.562178834358239,0.3042661389065419,-5.779101775012281,-1.7210639145012112,7.111478144946122,0.31070257099468024,-0.8729014716865626,0.6334552964035367,-3.1025095735963184,-0.18913496502946425,1.120162606592841,-2.008305630751512,-2.4541583762157453,0.4691696435168019,-0.22601266824415056
-1.4599807307729415,1.059977186402957,-2.619131195211712,-2.3289063142486714,-2.7831232394465255,0.8861813492958607,2.9006282202722486,-1.8376916729492665,4.228509013711294,-0.6562040856349399,-2.2921749817326282,-2.633038516633288,-0.06689238296952703,2.744248472892992,2.9316661218821993,-4.549886275052916,0.2541847720136328,-0.1039081963900429,0.18114921031983955,3.074250699831292,-6.038620971621079,-2.0407761962262425,1.1982605635454098,0.6472897717961943,2.7843406241382853,-0.43578317663050004,0.4833447933670585,4.688413103788545,-1.6530030992302485,2.081425924154672
-5.905833511158698,-3.452930132597413,5.985391480912277,-3.4918150896200775,-2.606122284005006,0.48745348669535205,-1.1243743355177058,-0.6444188729025175,2.881406127264257,-0.6739206344521823,-0.9524731408669458,0.20933040983818674,0.6736324824369165,2.3637466959375066,-3.4677403075405597,-3.0922897827566396,-1.4045938965520532,-4.06224930086536,7.091821886380694,0.3009461009486022,-5.67476157797454,-1.3715023004358107,7.924607501437875,3.189114331101586,-1.7547202570855758,-4.4417772429861735,-1.9031411703338441,1.0671966344421142,-1.107377183854658,-1.3088795027625002
1.560447303508143,-5.256999718077372,-1.081107415073208,-0.12652266247984434,2.190008566677842,-0.20709226134341763,1.6292627007096276,0.4775998715688332,-2.995916104534876,-1.4882594421274422,3.4270548666252063,-6.60490868028126,0.5835166187075184,-1.4982334935529291,-0.06567487456397925,-1.2751679072803679,-0.7118986677640943,0.7871529267553301,-0.5842061507658802,-0.11500789677386969,-1.135401165894777,-1.4555444947992748,-1.3662679010255105,-1.5344274345614641,-0.07796360489992626,-1.0423084365230886,2.716657160991822,3.627345454733355,6.4742890872727905,-2.729807321260653
-4.726800925752624,0.46247726034400194,4.854858934428851,2.818875045068528,1.8091950170696856,-0.22330097360365203,9.47873549153239,0.4613392689297968,-1.3571039262738926,-0.7421192555385558,-0.23271035690289432,-4.825975365657981,-2.4004380418347377,3.8353120700088326,0.18537672145789474,-2.342150978175293,-1.1329498234766024,-2.4677164310832964,-1.5779217638960839,-5.282871488713452,1.8801822718028194,-3.118862024772291,2.587068088972444,0.9800025688527653,2.8679815340444206,-0.25249658046959356,-1.3835487679432146,-7.785322045953027,-5.764865842960255,-2.3090783800697
-4.627465967451356,1.992111839966725,-2.322258462529919,0.8994047088447457,-4.7067721499965955,-0.5631001689147406,-0.04374922778288348,1.7110663913121176,0.7856407709944953,-1.0414913911896908,6.942191103073922,-3.0123387951195766,1.8050922195793655,4.34488715948145,-3.009769872697433,0.6587406963399136,1.110878625300042,0.9503553275840693,0.10984177349274549,-2.6160792596369338,0.818065359042849,2.2262386553006537,-4.242611306198538,2.812855663280912,-2.1622403553297196,0.5243034773227588,3.2976078311823644,-1.6668437626152315,2.525468184990582,0.22528895862579368
2.1250082945254345,-3.1247460738448996,-3.529853520638011,-7.158127752032024,-3.2882964397057037,0.15188396601129456,-2.542916392949353,-2.3864459003021574,0.730805317467403,-0.35208767626314935,-1.5102271122329434,3.038740998035342,0.5945735417865902,-2.1754020961122507,3.0391173771666056,0.8705439560908188,-0.6050148612197929,1.4411380925328547,-4.507275187902216,0.07513188704531504,-3.2786627004153917,-2.4274828743971995,-2.7787167775543855,1.853655341991967,0.11744730697891037,0.37116802935696847,0.12873553031018248,1.378955155899023,1.2343335923264256,-5.50423420301567
2.5017268202017187,-2.214166402065392,-5.107202873696765,-0.6701601442693741,0.5509192000353613,-0.06506306016483863,3.981075194201121,3.459378223962874,-2.7762081443041193,-0.6126620477258763,-5.338796877872817,0.7397330176927515,-1.9993934950359693,-6.073638258251119,-0.6237435780827196,8.314877625761891,-0.4275432158083677,1.121265669312816,0.9857274425770566,-3.064208144974864,-5.656324227336296,2.9297800737467226,-2.687767578478889,1.2871924351276869,3.3383854211219157,-2.661553331345395,-2.7419654727819456,1.323434898001695,1.1290928235317086,5.951104632199496
-5.4850215928744674,-0.08611150475806972,2.2377861148248344,-0.7959126892605625,-3.8529757363264463,1.3670544016666148,2.0209968125775633,-5.8731160502795525,-1.3291262464219082,-0.5948410293640588,-5.822041554676082,0.5379060135303602,0.013366300977885187,5.617616661019909,6.110158944824127,5.05488539377574,-1.04883695033282,-1.4774814067680089,-2.119535879515326,4.134526520165785,1.7291188495774308,-0.8464501299309414,-1.1725161616504405,-0.8664351028260078,0.9788074224780008,-2.2496420481510944,4.26644955918397,2.859563134432382,-5.02327265277271,2.8627203157828567
-0.6506944303057258,-5.392456900188658,-2.1893612575766044,-4.729275379853592,-0.5691622921350448,0.7508166915572518,1.076196631199569,0.331046337632215,1.2001007469600087,-2.2351779918266965,-6.923363797216639,1.9137283205074191,0.2329552273813525,0.12682456611604553,-2.006097714925999,-4.845171372701907,0.637303438130078,-1.261088659042074,0.7435651671876109,2.126094619965969,-2.5823498457192047,-0.8433788737837162,0.5069056387044177,0.015817085997325453,6.880604165013497,2.2701211665145316,-2.149440769997802,2.1440146730019576,3.2912048740238964,-0.032098582281355315
0.5296664802571341,1.4685800109581901,2.1277774405347833,-1.6204069693349503,-3.125787171314507,-1.8044227244745508,-0.41654738883106557,-1.7342348995058248,-5.83811809807277,-1.2135612059347274,2.1149747274356994,-5.83977904089741,-1.2646701797808348,3.1197008026055717,-0.7668768390903566,-0.11768063810391771,-0.017403727118745035,-2.091094938404834,-2.002534388356125,4.08046352107381,2.699329468027266,-1.0252613551323602,2.0853097637906175,1.5245924588988204,3.0455381053664032,-6.270691151446988,-0.049961350494096335,1.5000120136353197,6.7797099251587225,-6.496201064691846
-0.6358046680541889,0.4174035004228287,-1.0707146904897495,-0.9317806528124468,0.22782406210640938,-1.426337548410849,3.4980350448522644,-4.147322137739558,0.33498120862342295,0.935245909941279,0.1065693908396641,-1.3186258945641576,-1.002024756020161,-1.632168447636763,2.54333560212842,1.6074902937932145,-0.26218580951799353,-0.4906840420030225,1.1014805380953296,-4.465790713400217,-2.3779791509281054,-0.7013041253342067,-2.7668074045474995,1.6240929616432251,-2.0657900545242165,1.2555691638193178,-1.0655731928460734,-2.2971005139537173,-0.73137730813102,0.5510353949018205
-0.7782894271352404,-8.488065119954754,-0.08003446630401079,-2.3402806538635046,-2.0514556751651183,2.7151504172295597,2.3476774787427646,-0.16480322147030058,-1.759336209765519,2.352236680560949,3.5841055664629744,-4.181887287686454,0.3262867065932016,-2.510783988079874,-3.7092094800878863,-6.622643295916681,-0.09015330397328006,-2.1838491704931484,-4.143905144909558,-0.664783814438118,1.526498698217337,-5.083578138640539,3.4957429710606327,-0.2552352928432955,-0.02752829079465413,-0.703914242987224,0.8144402031599901,-3.6299434390966883,1.4581322349900214,-6.634639575242101
-3.901096979028717,-1.9314621469166955,-5.207081884942685,-0.7208598106850919,0.624099522580426,0.024362348128265956,1.4591478016016668,3.142662119900141,-1.5719034170311086,0.7308532257133813,-3.1299569331080463,1.2901380077977573,-1.7298325368460885,-2.702629886284652,4.757748305876156,1.4176025944284865,-0.6344207116740469,-0.49333085212667094,0.09582871219610722,-1.9323280079103715,-4.057486425121899,0.9621066988072922,-10.093881794991157,1.2432883574058298,-2.4132140934847826,0.04818573805573256,5.196560613797667,4.17086840689825,6.9394273046398744,5.164944247632684
2.8171274571040885,-0.006076498256797569,-4.018267471251117,2.216649755438531,-0.4634479242115168,-1.617101434829325,-2.0235762355682865,3.5945625133419266,-0.9721606392576398,1.3901994172793106,-0.11241591802247342,2.0884577560794195,0.6380497312575719,1.858500178437271,1.3400084534763321,2.2571579786486677,-1.1188500345677892,0.029794213634204203,0.12221603883984189,1.101090011135359,-1.0516679148682793,0.3664497540991647,0.6212121098618095,4.951189329106411,-2.101801020454807,-0.9921484235194677,2.9006128376499016,2.8848068223720444,3.40679172644221,1.3931524214347493
-0.4739431759398016,1.1637442240522646,2.511648371251024,4.237705233847979,-7.760058083465694,1.3032750466984842,5.024942070084174,-3.129017769586394,0.5405904976009887,-0.9341054504828771,-3.4024047499180186,2.580510070469545,1.946335416786836,3.9977333504396304,-2.7410100173196374,-5.795018690136102,-0.2666070478090359,-2.395103773741569,-0.09098993538670153,-4.897029868533182,2.6464740166364464,3.4562428023495944,-4.306410797656024,-4.9829939886563315,-0.7607403985610028,1.5675257614851397,-2.7865203355015677,-0.4163913685401164,0.20341936544402794,5.599318328324803
-3.6328532195335113,-0.8799128318707602,1.1998557687811822,4.487390287240041,5.425532399241124,0.1336048124856017,-1.2135510893974955,-3.7593677011259983,-0.14334245371699517,-0.16323671832010409,0.208009176279896,2.500761715076264,0.4040764840267958,-1.2722258362943752,-2.524940591010324,-3.009451627613637,-0.3544139865749885,-4.082666639759529,-4.577203382058768,-0.862588276038937,-1.7857858741537358,-6.618946125002252,-4.250173687498854,1.287631650728867,1.235894711075312,0.4160358234378507,-0.4439674147812166,3.040968521579857,2.346205700552067,-0.31903476518198803
2.4295755922815863,-4.350193187996988,-2.459014003001987,2.9133459855429074,3.428057772554685,-0.6225374350486379,4.1905511031704075,-0.7646840878678124,-0.2657970289553241,-1.7467696056098487,0.927874105094108,-5.993030083745227,0.6561624843803356,-1.6572790968572777,4.54934943838845,-2.916222884696441,0.9486593149638981,-1.1538731775739601,5.557252041531505,1.4880086230706118,-0.5347416181551881,-0.2922265076986703,-2.025336453813118,-0.608204125383524,3.881233461042262,4.353861416051341,8.974351407319581,3.478906016388218,-1.0682889720087738,-5.377905893473536
-0.879205663947684,-0.9592505945961523,-2.6765256875721537,0.7208149675083968,0.48543345342195154,0.016727437944075333,-1.8386272864816147,1.693471708982004,-4.351887300930786,0.21740009911582675,0.381974020564652,-4.437824863388535,1.5535237868577227,3.0556270776656724,-0.5479603316614656,-2.8751478355771463,0.3375684203789878,-1.4319362934353408,-5.542500665444043,0.987646596358986,-2.2531709553994363,0.5318847664745501,-4.071897382078868,-2.5331398825702216,-0.22930190380676485,1.5050445513875226,0.3027423097332299,-0.5827491857510942,0.6536712869782288,-0.9540194235327282
-0.5173741575150617,2.284121551247412,3.807203482213324,2.250863665277739,-3.6040865237379647,1.1459738768473338,-5.111990438589498,-2.2366851096008955,-3.1622373204811813,-0.7402894676322391,-0.29243731088635183,9.153970580546426,1.4981446365168924,-4.624747404031632,-5.771900115276829,-6.757319670248126,0.36390148510426973,-1.9993784339348952,-3.6625367295105837,-0.4429480366184211,-3.999725639171931,1.9722756267940968,3.4515778841901126,2.1565395536745156,4.445831045476392,5.881705897210508,-1.3959650493228977,2.525824768627299,1.9151993166102863,5.160645784951057
6.319113981294954,-0.9281994164787676,-3.8075485397236495,4.870541755545514,0.15147401093262536,0.46136896014304013,-0.6463457242266919,7.534150328907128,1.0432130671545374,0.29100949718851954,-1.5310080638456856,2.07767198050587,1.97500083599764,1.1200942461283316,-1.4209342783385184,5.982516917760481,1.6446315318150957,-0.5549546758262068,0.6955743669549579,-1.7804756314365622,-3.1874830136210752,-2.101243928619593,-4.021030754206064,2.64716225224635,-2.4292170721352395,-2.562120621228541,6.170364611550479,3.7643460976258587,-0.4825905692109509,6.659051382221728
2.29645583621865,-1.6266961800343478,1.1862300436008377,-1.5737392464910869,-4.964076481911578,-0.7535361770242333,-2.000451816919488,-2.342197826569996,-2.648906345887277,-1.5572905527255718,-0.629260339618605,-0.7460259655894483,0.17149625197348742,-0.8701177766136303,-0.3587020837437547,1.522864673761939,-0.14932446993768603,1.738404039448728,-4.075417096673996,-4.088183012446577,0.6755881857554997,-2.876778638531074,-3.728708462197902,-8.308927454772366,3.7381628401334543,3.8842532373683456,3.8931508363136063,-1.36180879501564,-3.8676591448820434,3.7073744388765713
2.0436017229361663,-2.6518710298718045,2.640424378402839,-0.5783484871807199,0.7198172131173731,-1.0979619956842412,-0.012769179202566816,0.031500608746519276,2.841861810309818,-0.8555443955457127,-1.9515269992092352,-1.4058819926182275,1.7241814625460958,-3.3177352070333237,1.5432360592478116,0.5649638067162359,0.5975811332398039,0.05551032901754893,-0.26487211182759374,3.7901282117530517,-1.1416514229281116,2.0464397318621206,0.4027441574222044,-1.4744285260718626,1.3307134691442504,-2.2266156405866084,0.7677407052087446,-1.5607515294822467,-2.711686684452837,-2.0784162250213436
0.8341685326967458,-4.978692495389075,1.9633258662376503,2.7565963950549506,-5.449276146667361,0.7424137887725709,3.0045069867233294,-1.00501440379089,-3.4329758292640284,-1.1812717170604239,2.6557559162578332,0.952789940930903,-0.36836156094862765,3.7217882747978432,-1.886405598562804,-1.2882440770399102,-0.32429736386446917,-3.119663409068004,-1.9568018244598067,3.515291246288797,-1.240307885214745,0.5414689214282198,-0.37239370610296596,-3.2289921117864946,-0.6432951697411553,-2.875842764829791,-2.238189962210501,-0.23730862610144765,-1.8447011892487577,-2.6986425291962206
-1.7387841706447138,0.6192819325759091,-2.1150689901302187,-1.46297762091822,-1.8044498268171238,-1.8513924251814697,-6.293499442750345,0.9196056277490237,6.242088569798751,0.8956767554705447,2.203803003865197,-3.0984574434830847,-0.13730489838179655,2.804050206065627,-6.178348734614918,-2.6253515147058435,1.1701805000246521,-0.8630356369708134,2.148290891577191,-2.555142395232895,2.2869423010163654,-3.249337540575293,-1.2003736946078694,5.322407534443086,6.180036188955929,-0.07919180482772448,1.7256608010042425,4.837642517768465,-4.033735744089199,0.7649536103051996
-3.3323455285830574,-1.6470070662675216,3.945814460730892,-0.24526306034940393,-6.420128155550037,0.7251604959198839,-2.0713196417392274,-1.1016140365015725,4.698328743931187,2.442938743161753,5.9399570066577665,4.555241379024698,0.39454256015920336,5.900140165769412,-1.3735714453061894,0.9066322072391028,-0.09573013191231153,3.6339557972556937,-0.3455999399348364,1.3944405613559292,-1.3655332955154855,2.561151292898665,0.6454539343323085,-2.521680427600381,7.856402053772651,0.3706583592629912,1.8690199430183059,-1.1234232018994579,-8.696026308451062,1.939600416863983
2.359522848631588,0.6049190013394343,2.678207910988523,1.1831347942351784,-5.725227407306422,-0.02548119993255544,-4.116108430786227,-4.025858903825068,-2.0506961742176144,-1.6968312068181586,-0.6953538074977299,4.993542167249302,-0.7152290282151331,-1.7380399488514078,-1.5067339605444507,-2.947084636382274,1.6809799657589208,-3.331466169100443,0.5754306956530547,1.9348675547739154,0.9507279937344407,2.036899254138322,3.2779713116012044,-2.480207639674612,1.4176893704820226,-4.211449238399595,1.8037960507346968,2.4503711932210654,-1.8402595345393697,3.380294367026879
-3.7133170390241688,-2.167501733940844,0.40195718379623124,-4.428453825598471,1.2545666700083649,-0.7532324777708125,-6.159087104468131,3.3970233076297633,-3.623433603503923,0.8503425426939024,0.39313601705085977,1.0316213790272255,1.158080646769264,-4.736008672517308,-1.5157296953606991,1.9724607948089221,0.003930084768001377,5.5711455311507665,-0.24128152595697105,0.9206059628122802,-4.416120790643342,-2.6211599802490833,0.3653102963598589,-2.0767645087233646,1.317565298336453,1.1021641293515456,5.966975692860857,4.262609378878133,7.223617200234961,-0.6692300645195185
-3.3790252688996185,-1.7389435424833424,-3.4535587399614687,6.057318042107885,1.801015182358026,-0.22161491252786303,-2.0852082122733218,-4.277967743852349,-2.332279932283564,1.241204174149018,-1.4840484757085042,-2.8291985508821993,-0.4651140873991399,-0.9436198067824443,1.6686915749207252,-2.019709115186294,1.3658755535348643,-7.890795371139072,-1.835139739137957,0.05127075601518538,5.306718379710189,-4.03422948820924,-3.7221135943828045,0.10280373743569315,-0.49219285232105836,-1.8437501233254396,-8.453390572627523,3.272131841157607,-1.4264860342347574,1.6495770580446427
5.8766493627764635,-4.654686336656651,-5.001539828259169,1.1806460580173292,-0.2540586876747636,-0.4557012635746622,-5.151416255804933,-1.99296001095529,-2.8524010114612066,-0.5626382355618896,-1.622173076611693,5.715940865309046,0.4178850653478259,-1.8795179226903085,0.02603832163949038,1.633261951399259,0.6753722462856016,-3.1569507210700154,-0.2966598455475159,0.6162659407777871,1.984433750129792,-1.6673510839866053,2.181585739037835,2.2427909202642384,3.749247193160217,2.7880347515506294,-3.3366354661425373,-4.6749732786662435,1.9561678959234636,3.8620376751938115
-1.7244147857159655,1.124547500027619,2.570862282823177,0.35131785960123374,1.276776536766198,-0.04349833645912877,-4.911910067287369,0.46559700013167027,-1.1398738243911883,-0.296049742803269,-0.1433297143849026,3.7754752721600444,-0.3980833108111805,0.8476940194536884,3.907466216003783,-1.3040605422205274,-1.5551668675648789,-2.926297425614497,-4.616164782598627,-0.4311984943739824,0.8596904106643908,-3.6728636208854866,-2.8469328600657424,6.851394368440249,4.090946192940837,-0.18896262978038592,-0.5717867610712366,0.629565568483742,2.6910125580341724,8.300384678373614
-1.5517932988759484,0.5379210114659294,-1.9765017326372056,-4.674386982884331,3.4293419717447673,0.06363425606398669,0.14657681341704165,4.135272494669868,-0.11311223271414272,1.0947771539089968,-0.9879532676477197,-1.1007374860960046,-1.0390492163902378,1.347056746505023,5.211783031535953,1.0630555440776388,0.5896925739604895,1.3828800541210207,1.2812689974870741,5.234864542448657,-3.0110453582630283,-5.6237692900381635,4.6681580795738125,1.3969159180103228,-0.8400906688064569,-4.721960018397475,3.0337052218276956,5.997806942417171,1.8512992295694932,-2.240544428667688
-5.124249571345056,4.410281957321181,-1.2603314148608926,1.8194357175415226,-4.54090173139941,0.4561752140950305,3.83919434155958,-2.5672434428759674,0.5426286856525304,2.170526260995204,2.2804824590367287,-3.594995429542622,1.5708834823190003,4.8451402292978365,2.685902314244743,0.8907298830303632,-0.2438456435674691,-2.408021126946969,-6.315420684474854,-2.568073040440438,-0.38754987596479107,-0.3076567809045967,-3.6155357620329927,-6.551837610830521,-3.06371228540472,0.6175197816629205,-5.183059007306307,-2.062843982698569,-0.8335761396986082,-3.9477371247312742
-1.1680108507484182,-0.8229422654862548,3.119075866458074,0.08692555436919447,-1.2873979484924605,1.4113155760832174,-2.850935999399824,-6.329818242050703,2.0238962876924145,-0.20033719633146818,-2.3968260277772195,-0.5811815063954813,-0.2508270863806202,3.01000239970298,-3.226821012921627,-0.08336318490862293,0.471769558977145,-0.8862840291383745,2.996662097215985,1.530451206044807,2.2585772672791844,-3.180937633549715,1.38318311484444,-2.283710624995547,-2.9242095960847356,-9.779370749375728,-3.3341775530168904,-0.7680086313124475,-0.03977697723559359,-0.9376783102491717
-1.4800616302805176,-1.0028453042618939,-2.867053179925581,0.24061693124848516,-5.1267550828159925,-1.4928495481068371,-0.09264370960968193,5.606541808794511,2.507899468342619,1.1494339594771172,0.6466729783036425,-2.2146198923356932,-0.8239270586010081,1.6586287855415756,-3.2346006416100566,-3.3146589118723786,0.11180091036869988,-0.8835513986484885,2.630370734412729,0.4201672060245629,1.7120658529656914,2.3164529337518744,-3.9644639897853775,-1.3698053092223637,1.2197736536971477,-3.7516495975923525,1.2391892378120286,-0.18385651837742478,1.350960399393954,-0.08551148366122607
2.742709279577795,-1.0647443118999298,0.13820007507261112,0.8663748965255246,-2.375383862941413,0.23925105494173918,1.5785400496618243,-2.607841789267858,1.6261481340590382,-1.4351967535872012,3.3782483425288383,0.08090193402004675,-1.3184670525901707,-1.5171564391129726,0.8215051760306445,1.1226953040547143,1.6467357208465259,-1.4481515890039098,-2.723600727265535,3.332097290395343,3.8940792629748384,0.7679339446532617,1.2070227357295225,-2.589640112213165,0.6391004007468156,0.9690487355000234,2.196925600611531,5.559647473587953,-0.8831131055102558,-1.750707844793543
3.6996112487030297,-7.629544425860928,1.2726786887919133,-3.8585159585293307,1.9353410091198002,-0.4761431102809247,-2.189306851546647,1.263247464791427,0.5913277800871695,0.24434485156999752,1.7367317040387982,-2.4761506280896555,0.49508459273390926,-4.6395208906623235,-0.06656734256191266,-3.9511398748941144,1.7519361199436878,2.538274655260143,0.21191824590912267,2.1923894734032654,-6.1645506953218465,-6.024249732313332,5.888542592412951,-6.015407231896182,5.084723050662351,0.6563319200120191,6.284040628998884,1.1296678783275027,-0.6546851844885919,-3.3921594507221946
0.6916054817412984,0.42655826926553586,-0.18868583823529184,1.1442933159336839,-1.1579517061398796,-0.2218147921672139,2.6698579226100243,0.8044742452762502,1.5530454355956822,-0.32351718405338936,-3.5447375935073473,1.1901222757876613,0.139923299661834,0.3346382267957382,-2.9058796792666506,-2.923287486403466,2.431502775066642,-9.013626980287173,-6.039210705106021,-4.460795150577904,1.7039008536203517,3.2018143863722397,-1.6460834375030178,-3.043138151635938,2.7486608126746384,2.2687305923153054,-4.776406137767325,2.642488912540092,2.5616252492921543,9.76322835394836
1.9566282983023964,0.8799800884336575,-1.2877290740144982,3.686994580367754,2.7655469943246995,0.0017732126316658027,0.4801000166637295,-2.6207165885586123,-0.9354604331448618,0.8136632960472917,2.148647755111516,0.0512020843398181,0.27509934995962226,-5.447749691738115,-0.29520269185305614,0.10269166138676655,0.9915520859402498,-1.225990018868527,-4.856695453050561,-2.647139597681484,1.5133683353942673,-4.577548394426636,-3.440764888121109,0.5097774785522808,1.7897694937044815,1.7381360698723642,-1.1292893149557341,-0.7056286907406641,0.5521383241647966,1.6811270651912036
-4.012072836827761,1.5705246017178882,-1.0556149827001393,-4.1402540251452065,-6.18189736547824,0.09074470844876771,-1.4121676319013827,2.520191115114316,1.6416168395423405,0.4946173700256134,0.24822853987021087,-3.6818351894996275,-0.038589755347917205,2.8167741637716546,1.7113711882855203,-3.424328725519302,0.28111745222329065,-6.5480670519621125,4.802818314574454,-3.4489192200658385,-2.862897031871097,-3.4278720102435085,-0.20899035627048823,1.7862588188913806,-0.22380100159871374,5.295555510597361,5.926105884600649,3.7474289227202258,-2.310114993179228,4.2730697397743835
1.8864303130321078,-2.5447451525799574,-1.0483074825585992,2.3140860712210385,-4.485451919031984,0.9749214512451433,2.1559077199280776,-1.8591288280126426,-0.29898292141738625,-1.3310233763276484,-3.099134406654743,0.3161757996722574,-1.0210873196663341,1.7744655793223634,-5.295536751189656,-1.2398779330134408,-0.6851333574453696,1.6963244226221978,1.8589085757443606,-1.5958776263790155,-2.291081619782634,-0.4798060077962606,-1.2392544153604919,-1.6441299322381708,3.368883468412674,-2.8744025326150937,-0.2534602493056457,-2.3098711179721065,-1.2950325409722976,0.6104329120046201
-0.8282197298700671,1.6703196810791914,-1.0001702195318907,-2.255843948940111,-3.1524685708516555,1.0185762788087114,2.2684822686155464,-1.513987591775309,1.8611509371241783,0.498853117568446,2.569474417827294,1.803609591065316,1.272384654823348,1.7512184867423004,-3.4106249840482765,-0.31076657600842583,-0.5980384889796279,-8.1951814976189,-2.5033970829053525,-2.6976291213623567,3.9379839552141256,3.831696136607291,-6.436779128781599,-6.225319262627953,2.060452817473452,3.3512322165972304,-7.982487671355075,-2.432666792657796,1.3121751384969595,1.8637636030664497
-5.472385151781469,2.8851773678236863,8.054622610321456,7.764858712340446,0.12501830945036363,-0.48448538720655,0.3020914165580414,1.4993201703868357,4.111303903581511,-2.482873802143878,2.418603793928587,-1.2113831999217535,0.062072583249789474,1.6828868013456697,-0.7883936423645879,-3.2074397857563186,-0.24743172184137946,-0.05820062404855586,-8.478800557328208,0.020551640474342325,-6.081698823462613,-1.7677442064124373,-3.4318263269514024,0.26713063331154174,-1.249707595820789,5.415121432661012,1.6107682865429758,-6.183712800146625,-1.6538808595685226,-0.22028769485143496
-3.912210338075221,0.45196960217815807,1.023346040025015,-4.4329727362586775,-0.9056367715434559,-0.07263728761354196,-2.278645902446175,3.8696041454505314,-4.090811536464601,-1.5741797453384803,4.643319806419539,-4.287966254360138,-1.1500194989056423,-4.463395295927965,2.033713263749341,-0.3507743156203458,0.4992065471894276,1.7790102827940162,-0.9865857960599241,1.4251956233791545,1.8086352273980721,-0.4998518749723587,-1.8450051795419136,-4.623840517868338,-1.8040850380175244,1.913083659622379,7.001999640862759,-2.3111624803060455,-1.4606174716952633,-2.1321956990082773
0.7366865967395421,-1.6689161189350197,0.7669040829111538,-4.456903086702313,-2.5104670722701745,-0.15489435838149523,3.2588556932687602,-3.6871465108194563,-2.13912200690938,-0.6989295491858722,-3.460388743048838,-7.143191866224674,-1.3081142262097232,2.418774115442739,-1.4615908320771527,-0.953510815047372,-0.3995762614234063,1.71755204903909,-1.112655830589709,2.655343329670192,-0.3842185167184651,-5.6918714462201985,2.0288984896147717,1.009210131985117,2.3118125231386064,2.9968168988907036,-0.07650770623929737,1.9473328482291579,1.4657751270190702,-3.122126164707792
3.241752668249369,0.7704966725451692,0.7064850393372204,0.193734600202071,-0.8845494949082033,0.6918976071135281,-0.1387179887220158,-3.9555527426116317,-1.8190559004837907,-0.3032549260698325,5.808811884557214,-4.138655856709055,-1.5392557198925074,-2.5772928700264526,-1.4793752449543596,-2.4365958296158277,1.4956463203119172,-0.17349507210980109,-0.8187074151514021,-0.93305116516414,6.611369120191412,-2.3621860711533307,-2.44791130413943,-6.460772919730121,-0.9468272956552728,6.543321600862295,1.307024510046765,3.8247957246189914,-5.502999577055669,-0.048399868872625706
3.5227251603677585,4.083851997205845,1.7186876722031563,-5.066477153958533,-4.859717971788921,0.26619104676339034,4.198370592293612,-2.0229280557211986,-0.4266229324254467,0.039960483595186246,0.7723539195810485,-1.684392469606224,-0.990095765094991,1.5992161330712875,-5.0277359908549935,0.2981515476784853,-0.9685964050567166,-0.5828984498890393,-1.1236732935692009,2.3707307690064168,-1.9585311704365977,-4.000793155998665,-2.82709597331994,-5.429280096514553,-1.4325191243650575,2.1790136519572205,-1.2580312780939376,1.658357176304149,3.6742324811316607,-0.9349363615825637
3.1290150241389494,-1.9437721616593477,-0.8799878069018466,1.3293412243393028,-2.2179522106885026,0.8057480715259419,1.3686912564829696,-5.001843612341495,3.585119874711996,0.3310080849778872,-0.8332033502981044,2.973133629415594,0.2991260562417116,-0.6627546616444306,-1.816852986274109,4.643406654393718,-0.7260976634417752,-3.4673000786455654,-2.2400714397183306,5.51283300585297,-1.629328005163337,-2.148842254112826,3.388444355322714,1.6835233568519943,6.760823196257902,0.32172329943300215,2.0093957138241354,1.3681405706041432,-2.7662032031914716,-1.271899975233353
0.5988819907227856,-2.54014441110865,-3.4080209681243225,-3.356668062017065,-0.1670575646401331,0.46157982491603383,1.7979037277947238,0.917016092282839,-3.6689285884497105,0.6631186643954531,1.0798690876937087,-2.597443057632111,-0.7190192258948687,1.6332972945389495,-0.055426027323486116,-5.382797451765492,0.5769964159929639,4.1655580070093645,-2.9339062909704237,0.22365454998079648,0.20290523673898142,-1.6108355235319076,-2.3933851861659567,-4.817599544329917,1.9014567383705292,-1.0023107294085953,3.3092907985579756,2.5907461855995253,-0.6568415788796658,-0.963972899689832
-1.2676021427419755,-0.14341256561438231,-0.60806203519716,1.9444558557699976,-2.4561475853203203,-1.9172192472805192,6.294453706902945,-0.7660607359637035,-0.7317798877769544,0.04407180205395515,0.04624523613878928,-8.514261627499561,1.2621093268968688,-1.488144810087114,0.6685251938446632,2.7997890398948404,-0.5601867354802986,-4.408774629397301,-0.09426713315805013,-3.329839307901121,-0.4047991293669768,-3.14412357320216,-3.832025119033312,5.1427245600206275,-3.327735869906795,-5.17131409921553,1.975636825907109,-3.9252883797914713,2.5326989957313186,1.4250727759701092
2.6466794274982517,-4.642417800882383,-1.9746709261485065,-3.023596134159062,1.3073750283789565,0.35980564865936304,3.1842333894871584,1.942627287955501,-4.518480145529891,-0.27791301670056956,5.382641530163897,-4.130599345462084,0.1075933306035199,3.6912976590612567,5.792929429076307,-3.6222387952421844,0.25908052353675654,-1.6999362285534583,-1.9987767433996013,-4.838629171606062,2.374884238917553,6.220488568780891,-9.305600917713742,-2.9973781829226542,-1.374890023384554,4.030653647633848,-3.779518331064592,-3.709144673952597,-3.539323930173493,7.397662205964817
1.474135381500966,0.7159583015147877,-1.6401665865304504,-1.6231436363698322,-1.1188467378760245,-0.0893113283982258,-3.8874853167927084,1.3961421449602485,1.48362578379616,-0.17734410975291198,2.098846636554167,-1.5805624220784782,-0.2789795304237921,-0.8115755924419685,-0.2556180830180973,-3.342989400986194,-0.23905979867722335,-6.5733747212560525,-3.9043524148027036,4.789918003975428,3.622519106867326,1.5989111667765807,-1.490529275482508,1.2858308266662597,0.7725748814619797,-1.3073048240226197,1.3537426155191237,-1.9114034894620149,0.35200805303368266,-0.4938537044732052
-2.7771113330158115,-0.21615934990488672,4.823115193593828,7.225837168200197,6.001495805926428,0.8885869233861012,-2.0561540007842045,-6.024622078372648,2.8786256116244084,-0.7582989437481064,0.7692712429386441,-1.6815435342970018,-0.07743270284993203,0.8554318644539411,-2.3635217200347647,-3.6746616575601516,0.48348623434377863,-4.188257744022345,-0.6250797388603544,2.4679065971503666,4.093631390300217,1.6592237388408917,-1.5860037863411862,-0.9360697666738984,4.812741706033858,0.9964882637409819,-2.2576625106338906,1.1485765536557917,-2.089425172862703,2.2773691997367473
0.7599299261773493,-3.8766765702104276,2.665202491384346,0.9407376506323668,-4.110786627439904,-0.2299137753420219,1.3928130980856617,-1.8382783409588979,1.8555635954212732,0.14742902200409463,2.367622170817719,-0.6190890971329026,0.35760725198320065,2.814857636027586,2.1459728606578476,-1.0262959198743151,0.7607205383660282,-1.0521570419829545,-4.28204449790881,3.6873771770560992,-0.8978749663399201,0.39199121870974696,-0.6155944873365908,-3.993409538573865,-5.344751512366696,1.8902509223803323,1.6205630279296974,-1.0515300459240517,-7.614078027529746,-1.4267461120323541
-1.3343958909081972,-5.297401880883862,-7.191839176491195,-0.12076590023580003,1.532394577148254,0.452769486666689,0.5243622734773534,-3.72116535742232,-1.9647195481895716,1.0337291523907548,-2.0800580230311843,-3.111818303447175,0.07819555348190618,4.06384862521676,1.7218501844864493,-8.666092674826391,0.553528910513658,-5.415658013472897,1.9840278689623103,4.365398846595567,0.08919296137630761,-2.7477822858825443,-0.7403177043545308,0.08528837681597368,-2.2726518109914617,4.771977007623354,0.6670629242936587,-2.606109213772391,-2.866153806269023,1.8327261324186712
3.896035973400611,-4.595582827849777,-3.8610205655799477,-1.5950656679472237,9.152256733129171,0.00981506664503751,-0.28960214547837704,0.8234996842087112,-1.419116705269308,-0.45118784585505306,3.4297090073892695,-3.7727909354615217,-0.5594159042350577,-2.8951681109227403,1.358744951248751,-4.4848553317782365,0.41238939734482116,-1.6064619362442434,2.0418544914173085,-0.33532036142537547,0.33417821363297384,-1.083338759930212,3.626107987039542,-2.1366827940209445,-0.4876706155617715,1.484250785190028,7.228744116168842,3.094014695843126,1.7136223947801414,-0.9683859513725256
-1.9371298038131108,-1.9298891725769336,-1.87684065287838,-3.406844392744718,0.022109124519748558,-1.1456192912682908,-5.67851070144662,-1.023715336398234,-2.426054951500563,-0.024202049923856047,-1.9352386092861684,-1.2295191236744518,0.36511257979483436,-4.16808352018677,3.305021060887612,-3.25403961988888,-0.8904025838751065,3.547235436374998,-2.42932792472566,0.12068025724891296,-1.2772359382087564,1.723372499285845,-0.9644977690154664,-0.4691406969976897,-4.031253350670191,2.910570898974381,2.3790960515805604,1.3214204062910406,0.6726223912448277,-0.34429586397992207
2.790308945099719,-5.025422112909541,-1.7251379172352879,2.7227068655813706,4.679327890373558,-2.273336133565528,1.4994351870260245,1.5829879516647396,0.2725270694764095,2.3706157227632425,3.399260716521118,4.6950939749881915,-2.281384872582842,-8.320332105850838,1.5704045620475018,-0.7812607978999628,-0.8838061440115292,2.9130239425161637,-0.5402561627809859,-0.25299043241632413,1.0230440402331091,1.4469956082623028,-0.48876177163011025,3.0973197379172284,-0.4176192989543617,-2.4221063143622743,-3.605905439954222,2.2048771543429186,1.324074962300927,2.625297742131676
-4.170285718834618,-3.216784651855528,3.7580001329227235,-1.5162673171556453,4.498887990283652,1.0862311049072289,4.301588777827581,0.9852620837757484,-0.4808357943975212,0.2542653531107297,-0.6041459444533899,5.38724947955629,-2.243432641515573,-6.675415501713478,2.1279023680859614,1.650541090113188,-0.29889783970703404,-0.38589285123557515,-7.7972020292929365,-13.083904824079292,-1.7727102940320196,-1.1073399994303814,2.0282209391801818,1.4802796710574708,4.103997971999224,4.6138528271690955,-1.7143208357384676,-2.1942573743548253,2.5846355223384623,-8.10809966330843
-4.989840387616259,-2.184713140205699,5.097316349464729,-2.4063452364996527,2.2379851010874647,1.2605159878965635,-0.29387455307959265,-0.9161561481686338,4.210360040250997,-0.796353411398877,-6.510471317338492,-3.5356846713639105,1.2392994602780134,3.2418650359176953,0.33473759254678526,2.8423210873441755,-0.40290204200685137,2.456353375345417,3.9130939126992583,1.5666032899464528,-0.4278398455173156,-2.510385146968332,1.4145723385340587,-2.0648447552617264,-4.082062617670037,-5.1850694131472785,-3.4884785312856437,3.627100204338831,-1.8411180173451256,1.8887886327295789
-1.2232056459028051,-4.250044632083199,-1.0944591959873964,-0.4427296121369697,2.4033449913408647,0.2660174707577868,-0.31496359843014976,1.824799129912675,-0.6909760656333181,-0.21896186633316864,0.04466876889522231,-3.1644253479164837,-1.613864800886822,1.574845177486127,2.974516066685144,-4.713259607861959,1.7024841275154368,-0.5001501428774702,-0.8396126226027859,0.46345548720099017,-3.5778983800217246,-2.6688854320930853,0.25526059489645325,-0.8482862455200217,1.2437849114815656,2.163982868857108,4.135135621092192,-0.6652337693572092,-1.2488839377687957,-1.0614908524439637
0.41400160148386833,-0.49957826185379384,0.5049436515160941,1.3956108871330142,-1.6754576354196682,-0.08847064954695183,1.539462300455185,0.3514713137740122,-2.365420894584219,0.11793376585842721,-1.491472260327245,0.9197673347497375,-0.40497732262926994,-6.7369994544515155,-1.2536600747514606,4.622841902456313,1.8178317777551394,0.7009829035757242,-0.8163001285226833,2.6682022532453855,0.47286451220639913,-0.6136064155910397,-2.5744958952055637,1.0156856692091543,-5.379889115838878,3.7296324016727986,5.839346190548281,4.815056604681493,2.420536180631369,0.5782689675702164
-0.23913799993534712,-1.2142921622448832,3.6859977007531537,-3.146498487657155,0.6670860090217643,-0.8057227713429364,0.5397056347480298,0.0652937466973067,-0.5662083036319809,1.7261700724913447,0.7380218735754205,1.3048072791052903,1.5139165756384534,-2.87763299756995,-0.8509013836239936,1.3185396071130397,-0.23915606840168174,4.713506314110582,3.5317215236765644,-2.8672875758707765,-1.920437374793166,0.5163289832049102,-3.529346162277021,-2.724831459002657,8.96211217846611,0.4656895153377094,-0.40224531064385627,3.6635714464281817,-6.698017142356657,5.8298735553426635
1.5775679730358718,-3.8578781859270306,-6.979413378676768,-0.027891324828977604,-1.122181571735845,1.1321155963685436,-3.4836462763295746,-4.611749633589114,-2.866630975047735,0.4077565575379407,1.1671279698398829,3.007846652289992,0.07064757634981936,0.40168150204417263,-0.5252165771859414,-0.5927977668952835,-0.17052837579829502,-4.255246408730924,-3.647120129075939,-0.08932252790862627,2.673049144666243,-6.6098338301288395,-2.2975656950591343,-3.9884234720959064,3.8258250121229853,-0.744123983384787,-5.07989755384308,-2.4501847171155298,-0.6336659008585688,-0.15549966120850867
-2.1724193305917123,1.6600625455728735,-5.65511735208965,1.1359898405876545,-5.848755867919478,-0.8020292713715372,0.3830835359933745,-4.224843389398492,0.09379073935101245,0.626721256916877,4.010427421477264,1.2121329011304118,-0.1414907042900332,2.6632530250829407,0.8852579689515222,2.254390706903506,0.9464599843308203,-1.4237344127142098,-2.7784106208612123,0.0728389971262855,1.4435428251563556,0.7232355070622352,0.7871688815901501,-5.124555301370253,3.0576669908180745,-2.4476671498453837,0.4867804092223691,1.086921044317696,-2.031251158789587,-1.3859354221224947
3.9272788838824395,0.16078791916248103,-5.686385813016335,0.37964407574192416,-1.9575626449978007,0.9514961563729527,-0.43888867987921787,-0.7844609490082883,7.212141848563139,1.7034748033832312,2.4898953020799035,-2.1265204312009383,0.641131688029361,-0.7087013620722444,-0.40943486969571674,2.549594559439949,-0.08057885859207503,-0.5233635244343613,2.358459100929636,0.5270068426926593,1.1363000774235148,-4.781229539946997,-5.049824933673334,-0.8688411864800742,1.5139386789563805,-1.81328491408915,1.2226080428199237,-0.4945416594633425,-4.268523491633545,-0.5157043153418108
-4.210480479848977,2.126030655955719,1.8749485978699347,2.8162758419908647,-0.4839974057077844,-1.8559543955542936,-0.24956391320555515,0.3401007572964603,-1.6769514560784713,0.26407119802725165,0.4796282060296987,5.0608961174272205,-1.0762831904671997,1.4043566922131214,-2.4895771561809155,1.2897835475005635,0.36531009592778424,0.5162527921040339,0.42503523998389814,-1.2600690334019573,-5.989177837223818,2.7860605118255792,-0.8112996472923425,0.9123214673979059,10.815960529974124,-3.0889834105081455,-1.565260908075676,-1.0027370295715392,4.227697536269235,3.8655511871819392
-1.1578481628454518,-4.8634703893976425,-3.5036124527097567,2.4060675980441624,-0.12162309325903864,-0.614105038258088,5.898669317118411,2.398091975520055,-3.7928998801161056,-0.23000213027282176,-4.181371546963341,3.07046242565855,1.2665560562919564,2.521804848955224,4.662145106959121,-1.6488567696119016,1.2886972748935743,7.805813234896755,4.590950638187622,-1.8755330003517492,-10.689160900169139,-6.449636414862991,5.9695473572085485,4.629595798188079,0.4681509370650243,-5.1782114153175485,5.472509224597331,7.383956749077455,1.1728898865899324,3.0806300613124575
4.787247438914892,-4.283020912623769,-5.785778307702855,2.25099682225217,2.3607767836299463,0.4739731638868537,3.834856945723621,-7.556343365782047,0.8192555165319666,-0.4879579122805988,-1.5035012792255344,-2.319289086439304,-0.6783402415923668,-2.3987446318599903,-0.34748017724666713,-2.8679831687417714,-0.980412004955653,-8.814423222608397,7.0273814322242565,3.027018664570077,-3.3558983514267653,-6.472939062551737,1.4559072521928198,2.900898451839696,-0.9554396692693137,-0.2831252999199809,2.16161677983911,0.3137539481627645,5.545328683991411,0.7028307975246688
-4.112276045108558,-1.1471175774409645,-3.7790853440566567,0.3957875416441856,1.4480085654890789,1.835815832795061,-1.6664746273273918,0.7020747520943014,-2.9153080706481247,-2.1671483285650592,2.3314979830312077,-4.303007775703163,1.1341581120330049,-1.280209926981049,1.809173920111732,-2.1334214881098816,-0.4987186212189295,1.0465331021706885,0.3623996829469358,-2.4142536388588196,0.6679494048564087,-0.20696474164000633,-1.9951043623458196,-6.338565166809655,-1.6123214875926957,4.434169170414855,1.0780857471269436,-2.4562217642950848,-1.8208240326080656,2.0445720958381353
-5.188607147700643,-1.1263154030593836,-2.0659555447038334,-2.764790097797012,-3.015561575199403,-0.8998772364675981,-7.47872623437069,-2.3881159600558686,6.598347082439906,0.4477668438036491,0.21126510646239294,-3.0521193380079565,0.43272239758429937,3.172369376462367,-3.85442545944904,-4.7108470701688745,-0.9044932302706148,-0.03629080822042452,6.340301370294255,-0.8221300329350978,-1.5810928527624264,-4.624774553157488,-1.0060920788089143,-3.37990326390936,3.14808335690908,-3.3226410983699166,1.003006844810193,1.3718775198644078,-5.712783804125231,3.9463175372954913
1.838727120505335,-2.363224840361687,-4.600257255992535,-4.888419268024531,-1.5622596788653653,-0.8134537375495278,-0.8676223107790342,1.6300396618626571,2.3137500960708755,-1.0650474076794323,2.451877841059316,0.5477252662043255,-0.5620939276120575,1.4272960186100225,-1.110469585397475,-1.7389088448317835,-0.7895840978429138,-0.2621027957546894,0.4036291277393842,9.488138414667693,4.367420329605686,0.538275188914956,-7.382207424803535,-5.015964721309223,-1.949841964974083,2.6021679090135805,-0.14707067500649473,2.324622260602369,0.498795079154292,-0.05454180836815081
-4.101267906318353,-2.174986504065117,2.532948675229969,2.624984074552608,-2.7800088493262374,-0.4768761689757136,2.6590564345307284,5.882426449502452,-2.092530904007493,-0.0538542130689311,-1.3672787071016945,-5.342625739075139,-1.5079675379128377,1.2428768813561653,-2.267298493418679,0.11975440686823746,-0.7353840679195903,0.7837987183039876,-3.0069125309956095,0.3146391666602575,2.76593288811526,2.510283031006307,-2.219961913570966,1.8595451519426414,-2.0048620992780606,2.2055141406516796,0.9783704815761561,-3.0491515027793703,-2.096273815135893,-2.1896005725348653
3.357531467720977,-1.6041772125676341,-1.0842789603045455,-2.736637627496637,1.8260257656403125,-1.1458599666781295,-1.3017587417967702,-0.9047876413098757,-1.7110644475291368,-1.012094700332002,-4.938225642519267,-2.4299077723036855,-1.4379155609073342,-0.5300319762640786,-2.3111597358682165,7.178592593130174,0.22950615993785808,-2.3855790214297152,1.2237448744768016,1.95024573018098,-1.7525949615649439,-4.212179714589423,0.6999428543005588,-3.577868142114338,0.6098426685254033,-2.9646871252384517,0.17651102193613655,1.071739890554535,-1.7517856854967837,0.10074748682923917
3.080584108704964,-2.6882058232199633,-3.461089749823782,-3.3479425728150956,-1.1869860177367395,0.8498029806602309,1.3137512591425398,5.19025123608043,-2.3666884735618314,1.6041152271107166,-1.538516658470822,-1.2156321135945138,0.8590493779612086,2.9303510551089054,2.3560013622767717,-0.3789087498502183,0.37375806609538414,4.805484876502179,5.277809904511101,7.259064698173684,-3.213178948860093,-5.446501056390419,3.92012931014193,4.1248948223270725,1.904620038795354,-2.6817745905886574,7.225865974003793,-7.600700230317544,-1.3831739381975652,-1.0870947469248682
1.7207994010913303,0.4758175110514351,-2.2067124995123812,1.9750377953233311,1.5709383809063415,-1.1239989433030666,2.024421965156706,7.503691515239938,-1.9046402508031828,-1.1977735244073386,3.4284036473070874,0.04126762090948466,0.5622363285850633,3.02289846981797,-0.34567045194025126,6.154992131055971,-0.7170994998053429,-1.5971729222221651,3.715279816483238,0.5645444381000291,-1.6467774834730462,1.9097256532733442,-3.9696240318681952,-5.042793865601496,-1.0299543057840648,-7.678196521683335,0.09927672214341465,3.21577517003093,4.2987411370060515,1.1613474564919732
3.5239244019256244,-0.46978249830572927,-4.525192086537675,3.6168269324139093,-0.3435827104568441,1.640501747915347,-1.6511516709497882,2.5274834776066317,1.2345962665175059,0.04352418287586503,6.002151624829122,-0.22756877078772697,-0.4212735454376776,1.7818534319527628,-0.1409692769758637,1.422778585006892,-0.7119462049119701,6.830861608821307,1.0149609157535342,4.2144470181510725,-3.0706896777009374,0.21566315307550665,1.790123691541572,2.5493290227344527,-3.487939844618322,-3.113433357711132,7.753405709229105,-0.4386219674706826,4.08213392903786,-1.414014311724682
1.0945596828107806,-3.184005671592164,-2.7597250146214223,-5.417958833793069,-2.0716061000409143,-0.5426795460852031,-3.679546743326875,0.9205426136842523,2.328355686512909,0.6735125439246213,-2.0773333952882824,-0.6068595254353379,-0.7625461564206111,1.5224791603805368,-5.01166424891401,1.5959154726166744,-0.14806941696304535,1.8074732288442954,-0.14644648234729984,3.2186609644905952,-2.3552728906008724,-2.5248416614052216,-0.9238645942205455,-0.8135785055338584,7.325122189687674,-2.6479020996362346,-1.276703448640188,0.5076287429516475,1.2376793033715225,-5.2601000808715455
1.2939404051994967,-2.5093729652534753,1.879218121479659,-2.874733467325235,5.295042643358557,-0.36620049690757256,-5.488455058093031,-0.5424112769158511,-0.48832822242246243,-0.3944331586924854,-1.0849683094549225,1.2803462169362203,-0.8130118360618149,-1.86994103700406,2.540503047352144,-5.35647711339377,1.0463721525457697,-0.6940605153089296,-3.5765166868869414,-2.019859610839336,-1.631023433264084,-0.24886315841984563,5.045648464318319,1.3728362926262851,-1.481214769508711,3.7015221013343793,0.2705870987877632,-1.8705978543078938,0.1441471720032883,-5.108146279001142
-0.5332996836526871,-2.1397074723934986,-0.8989147299469521,-6.158198433025132,3.2328041616039327,1.244255215622798,1.4679601364175356,4.07908339792777,2.7518706923829064,-0.43551787560380056,0.676285042259519,1.3549275165181567,-1.2100116559087541,-0.12714870689868207,3.785411544590392,-0.6274912360432217,-0.8776176144285991,-0.27021822405934637,1.2284673441184069,4.3265193055464515,-2.931759884477937,-4.44009469898744,-0.9582942096217364,-3.041781991922513,0.4675949226541142,-3.8216806044629994,4.690377420863371,3.642563194943577,-0.09974614514251967,1.731990355403604
-0.5941116912312454,-1.788164256985071,-0.7023954865557676,0.9714652325963617,1.9431291273848377,-2.4461372006436544,-5.173391488542492,-4.498069081702467,3.5728891301359074,1.554746397213321,1.265176868424236,0.25683616350969496,0.43418935443296486,-3.9682084394648522,2.565865472505753,-4.205116383478179,-0.24510181003545523,-4.644737403334796,1.4629637394184405,1.9280952818350485,-5.736435166823274,-4.088694584567449,6.738180393731037,-2.3883410115761476,-6.010673075400281,4.620108790134122,0.9736674252253678,-2.413092090015442,2.0110371484705616,-1.7585996446511751
4.105979831602525,-0.41547318462664984,-1.6727737137784109,2.310248941398525,0.12143537693192874,-1.0307338834403725,1.522460680687547,1.42914934285856,2.1680500410824415,-0.33862320279132424,-1.7837438362022553,-4.398754956389325,0.670242644066414,-1.065695401652421,2.381977645661104,-2.624638326245649,-2.192531449277835,2.2836256193594417,1.4928151768603404,2.5032849704446423,-0.11016429319247711,3.3803879974741777,-2.852113247116338,-1.2999692719452116,-1.0806223244392827,-2.4275374890947785,3.4735812171448486,3.1576579914581853,-1.116939966977891,-1.155850371744901